[{"name":"Qualitative_Perf_1","product":"0365 ORAL","dueIn":14,"priority":"Urgent","id":16,"frequency":"","lastRunDate":"21-May-2020","executed":true,"nextRunDate":"-","type":"Qualitative","total":5,"new":5,"requiresReview":5,"assignedToMe":5,"closed":0},{"name":"Perf_Qual_6TRAMADOL HYDROCHLORIDE Capsule (Product Name)","product":"TRAMADOL HYDROCHLORIDE Capsule","dueIn":14,"priority":"Urgent","id":15,"frequency":"","lastRunDate":"21-May-2020","executed":true,"nextRunDate":"-","type":"Qualitative","total":184,"new":184,"requiresReview":184,"assignedToMe":184,"closed":0},{"name":"Perf_Qual_Iteration4","product":"BLEOMYCIN (0639 CAPSULE STUDY) Injection","dueIn":14,"priority":"Urgent","id":10,"frequency":"","lastRunDate":"21-May-2020","executed":true,"nextRunDate":"-","type":"Qualitative","total":0,"new":0,"requiresReview":0,"assignedToMe":0,"closed":0}]