[{"id":11063,"message":"\"Qualitative_Perf_1\" completed.","type":"Qualitative Alert Execution","user":{"id":7435,"username":"bhagya","fullName":"bhagya"},"createdOn":"2020-05-21T15:51:41Z","level":"Information","executedConfigId":16,"detailUrl":"sca_reportRedirectURL"},{"id":10972,"message":"\"Perf_Qual_6TRAMADOL HYDROCHLORIDE Capsule (Product Name)\" completed.","type":"Qualitative Alert Execution","user":{"id":7435,"username":"bhagya","fullName":"bhagya"},"createdOn":"2020-05-21T14:20:30Z","level":"Information","executedConfigId":15,"detailUrl":"sca_reportRedirectURL"},{"id":10354,"message":"\"Perf_Qual_6TRAMADOL HYDROCHLORIDE Capsule (Product Name)\" failed.","type":"Qualitative Alert Execution","user":{"id":7435,"username":"bhagya","fullName":"bhagya"},"createdOn":"2020-05-21T12:07:25Z","level":"Error","executedConfigId":13,"detailUrl":"error_url"},{"id":10168,"message":"\"Penicillin\" failed.","type":"Qualitative Alert Execution","user":{"id":7435,"username":"bhagya","fullName":"bhagya"},"createdOn":"2020-05-21T11:29:02Z","level":"Error","executedConfigId":12,"detailUrl":"error_url"},{"id":9009,"message":"\"Perf_Qual_Iteration5\" failed.","type":"Qualitative Alert Execution","user":{"id":7435,"username":"bhagya","fullName":"bhagya"},"createdOn":"2020-05-21T11:06:00Z","level":"Error","executedConfigId":11,"detailUrl":"error_url"},{"id":8994,"message":"\"PerfTest2\" completed.","type":"Qualitative Alert Execution","user":{"id":7435,"username":"bhagya","fullName":"bhagya"},"createdOn":"2020-05-21T11:02:06Z","level":"Information","executedConfigId":8,"detailUrl":"sca_adhoc_reportRedirectURL"},{"id":8909,"message":"\"Perf_Qual_Iteration4\" completed.","type":"Qualitative Alert Execution","user":{"id":7435,"username":"bhagya","fullName":"bhagya"},"createdOn":"2020-05-21T10:43:51Z","level":"Information","executedConfigId":10,"detailUrl":"sca_reportRedirectURL"}]