{"recordsFiltered":3,"recordsTotal":3,"aaData":[{"id":16,"name":"Qualitative_Perf_1","dataSource":"pva","version":1,"description":null,"frequency":"DAILY","productSelection":"0365 ORAL","caseCount":5,"closedCaseCount":0,"newCases":5,"alertPriority":"Urgent","type":"Single Case Alert","lastExecuted":"21-May-2020","lastModified":"21-May-2020","pvrCaseSeriesId":33122,"sporfireCumulativeUrl":null,"sporfireRangeUrl":null,"IsShareWithAccess":true},{"id":15,"name":"Perf_Qual_6TRAMADOL HYDROCHLORIDE Capsule (Product Name)","dataSource":"pva","version":3,"description":null,"frequency":"DAILY","productSelection":"TRAMADOL HYDROCHLORIDE Capsule","caseCount":184,"closedCaseCount":0,"newCases":184,"alertPriority":"Urgent","type":"Single Case Alert","lastExecuted":"21-May-2020","lastModified":"21-May-2020","pvrCaseSeriesId":32987,"sporfireCumulativeUrl":null,"sporfireRangeUrl":null,"IsShareWithAccess":true},{"id":10,"name":"Perf_Qual_Iteration4","dataSource":"pva","version":1,"description":null,"frequency":"DAILY","productSelection":"BLEOMYCIN (0639 CAPSULE STUDY) Injection","caseCount":0,"closedCaseCount":0,"newCases":0,"alertPriority":"Urgent","type":"Single Case Alert","lastExecuted":"21-May-2020","lastModified":"21-May-2020","pvrCaseSeriesId":32346,"sporfireCumulativeUrl":null,"sporfireRangeUrl":null,"IsShareWithAccess":true}]}